<?xml version="1.0"?>
<doc>
    <assembly>
        <name>Fenergo.Framework.CanonicalMessage</name>
    </assembly>
    <members>
        <member name="T:Fenergo.Framework.CanonicalMessage.Decorator.AddHierarchyEntityNameDecorator">
            <summary>
            Decorator to format the information about Hierarchy associations to match the Canonical Data Model.
            </summary>
        </member>
        <member name="T:Fenergo.Framework.CanonicalMessage.Decorator.AddLeTypeCanonicalMessageDecorator">
            <summary>
            Decorator to add the field LegalEntityTypeId to the Json. 
            </summary>
        </member>
        <member name="T:Fenergo.Framework.CanonicalMessage.Decorator.LookupResolvers.ICanonicalMessageLookupResolver">
            <summary>
            Returns text value with additional attributes for specified numeric lookup value.
            </summary>
        </member>
        <member name="T:Fenergo.Framework.CanonicalMessage.Decorator.ManageClassificationsTypesDecorator">
            <summary>
            Decorator to manipulate the list of Classifications to split by ClassificationType.
            </summary>
        </member>
        <member name="T:Fenergo.Framework.CanonicalMessage.Decorator.ChangeBooleanToYesNoDecorator">
            <summary>
            Decorator to change the fields boolean to be Yes or No instead True and False.
            </summary>
        </member>
        <member name="P:Fenergo.Framework.CanonicalMessage.Decorator.MultiselectResolvers.GenericMultiselectFieldResolver.LookupName">
            <summary>
            Name of the Lookup table
            </summary>
        </member>
        <member name="P:Fenergo.Framework.CanonicalMessage.Decorator.MultiselectResolvers.GenericMultiselectFieldResolver.LookupValueFieldName">
            <summary>
            Name of the field with the value to look for the lookup value
            </summary>
        </member>
        <member name="P:Fenergo.Framework.CanonicalMessage.Decorator.MultiselectResolvers.GenericMultiselectFieldResolver.FieldName">
            <summary>
            Name of the field in the json
            </summary>
        </member>
        <member name="P:Fenergo.Framework.CanonicalMessage.Decorator.MultiselectResolvers.GenericMultiselectFieldResolver.IdFieldName">
            <summary>
            Field name of the id to compare with the entity table refered in JsonEntityName
            </summary>
        </member>
        <member name="P:Fenergo.Framework.CanonicalMessage.Decorator.MultiselectResolvers.GenericMultiselectFieldResolver.JsonEntityName">
            <summary>
            Name of the table where the values will be included (ex: dbo.LegalEntity)
            </summary>
        </member>
        <member name="P:Fenergo.Framework.CanonicalMessage.Decorator.MultiselectResolvers.IGenericMultiselectFieldResolver.JsonEntityName">
            <summary>
            Name of the table where the values will be included (ex: dbo.LegalEntity)
            </summary>
        </member>
        <member name="T:Fenergo.Framework.CanonicalMessage.Decorator.RemoveMillisecondsCanonicalMessageDecorator">
            <summary>
            Decorator to remove the miliseconds from every field with DATE in the name and if it needs to remove from a field without DATE in the name can be configurable in the XMLBackingStore:
            dictionaryValues Section: 
            <add name = "CanonicalMessage.RemoveMillisecondsDictionary" backingStoreName="XmlBackingStore" />
            values Section:
            <add name="CanonicalMessage.RemoveMillisecondsDictionary">
                <dataValues>
                    <add name = "Birth Date" value="BIRTHDAY" />
                </dataValues>
            </add>   
            </summary>
        </member>
        <member name="T:Fenergo.Framework.CanonicalMessage.Decorator.RemoveNotActiveEntitiesDecorator">
            <summary>
            Decorator to remove entities not Active. Every entity configured in the config file will be removed from the JSON.
            The Value in the XmlBackingStore must be the name of the field in the JSON, for example:
            dbo.Contact => Active 
            dbo.TaxIdentifier => IsActive 
            </summary>
        </member>
        <member name="T:Fenergo.Framework.CanonicalMessage.Decorator.RemoveFieldCanonicalMessageDecorator">
            <summary>
            Decorator to remove fields from the Canonical Message. 
            The fields to be removed are configurable in the XMLBackingStore config file as bellow:
            dictionaryValues Section: 
            <add name = "CanonicalMessage.RemoveFields" backingStoreName="XmlBackingStore" />
            values Section:
            <add name="CanonicalMessage.RemoveFields">
                <dataValues>
                    <add name = "dbo.Document" value="MetadataDefinitionXml" />
                </dataValues>
            </add>
            </summary>
        </member>
        <member name="T:Fenergo.Framework.CanonicalMessage.Decorator.ChangeFieldsToUpperCaseDecorator">
            <summary>
            Decorator to change the keys in the JSON to uppercase 
            </summary>
        </member>
        <member name="T:Fenergo.Framework.CanonicalMessage.Decorator.RemoveProductsByStatusDecorator">
            <summary>
            It uses the status configured in the XMLBackingStore to filter the products and show only the products with status different of what is in the configuration.
            dictionaryValues Section: 
            <add name = "CanonicalMessage.ProductStatusToRemove" backingStoreName="XmlBackingStore" />
            values Section:
            <add name = "CanonicalMessage.ProductStatusToRemove" >
                <dataValues>
                    <add name="5" value="Cancelled" />
                    <add name="6" value="Reproved" />
                </dataValues>
            </add>
            </summary>
        </member>
        <member name="T:Fenergo.Framework.CanonicalMessage.Decorator.AddLookupsNamesCanonicalMessageDecorator">
            <summary>
            Decorator to add the values of the field that has a register in the AuditTrailDetailLookup table. 
            </summary>
        </member>
        <member name="T:Fenergo.Framework.CanonicalMessage.DTO.CanonicalMessageDto">
            <summary>
            CanonicalMessageDto
            </summary>
        </member>
        <member name="P:Fenergo.Framework.CanonicalMessage.DTO.CanonicalMessageDto.Id">
            <summary>
            Canonical message primary key
            </summary>
        </member>
        <member name="P:Fenergo.Framework.CanonicalMessage.DTO.CanonicalMessageDto.LegalEntityId">
            <summary>
            Legal entity id
            </summary>
        </member>
        <member name="P:Fenergo.Framework.CanonicalMessage.DTO.CanonicalMessageDto.CaseTypeId">
            <summary>
            Case type id 
            </summary>
        </member>
        <member name="P:Fenergo.Framework.CanonicalMessage.DTO.CanonicalMessageDto.CaseId">
            <summary>
            Case id
            </summary>
        </member>
        <member name="P:Fenergo.Framework.CanonicalMessage.DTO.CanonicalMessageDto.CreatedDate">
            <summary>
            Created date of canonical message
            </summary>
        </member>
        <member name="P:Fenergo.Framework.CanonicalMessage.DTO.CanonicalMessageDto.Data">
            <summary>
            Canonical message data model (XML or JSON)
            </summary>
        </member>
        <member name="P:Fenergo.Framework.CanonicalMessage.DTO.CanonicalMessageDto.MessageId">
            <summary>
            Guid 
            </summary>
        </member>
        <member name="P:Fenergo.Framework.CanonicalMessage.DTO.CanonicalMessageDto.MessageVersion">
            <summary>
            Canonical message version, increased every time a new canonical is created for the same Legal entity and Case.
            </summary>
        </member>
        <member name="P:Fenergo.Framework.CanonicalMessage.DTO.CanonicalMessageDto.MessageType">
            <summary>
            Parameter to create the canonical message based on Infligh or Verified data
            </summary>
        </member>
        <member name="P:Fenergo.Framework.CanonicalMessage.DTO.CanonicalMessageDto.SchemaVersion">
            <summary>
            Version of the schema to control from where the message was created, it is defined in the CanonicalMessage.HeaderSchemaVersion in the config file.
            </summary>
        </member>
        <member name="P:Fenergo.Framework.CanonicalMessage.DTO.CanonicalMessageDto.CheckCount">
            <summary>
            JSON with the count of items per node in the canonical data model
            </summary>
        </member>
        <member name="P:Fenergo.Framework.CanonicalMessage.DTO.CanonicalMessageDto.VDVersion">
            <summary>
            Verified data record version.
            </summary>
        </member>
        <member name="P:Fenergo.Framework.CanonicalMessage.DTO.CanonicalMessageDto.StatusId">
            <summary>
            Status of the message 
            </summary>
        </member>
        <member name="P:Fenergo.Framework.CanonicalMessage.DTO.CanonicalMessageDto.ErrorMessage">
            <summary>
            Error if anything wrong happen during the process
            </summary>
        </member>
        <member name="P:Fenergo.Framework.CanonicalMessage.DTO.CanonicalMessageDto.EventType">
            <summary>
            Name of the event that created the canonical message
            </summary>
        </member>
        <member name="P:Fenergo.Framework.CanonicalMessage.DTO.CanonicalMessageDto.ExternalSystemRawResponses">
            <summary>
            Raw / unchanged response from external system. Format depends on specific integration point.
            </summary>
        </member>
        <member name="T:Fenergo.Framework.CanonicalMessage.DTO.ExternalSystemResponseDto">
            <summary>
            Stores responses received from external system (via FDIM).
            </summary>
        </member>
        <member name="P:Fenergo.Framework.CanonicalMessage.DTO.ExternalSystemResponseDto.Results">
            <summary>
            Collection of all responses received from external system.
            </summary>
        </member>
        <member name="T:Fenergo.Framework.CanonicalMessage.DTO.MultiselectField">
            <summary>
            Type to allow unit-test multiselect solution
            </summary>
        </member>
        <member name="T:Fenergo.Framework.CanonicalMessage.Entity.MessageType">
            <summary>
            Type of the messages
            </summary>
        </member>
        <member name="F:Fenergo.Framework.CanonicalMessage.Entity.MessageType.Verified">
            <summary>
            Get the data from the Verified data store
            </summary>
        </member>
        <member name="F:Fenergo.Framework.CanonicalMessage.Entity.MessageType.Inflight">
            <summary>
            Get the data not in the verified data store yet.
            </summary>
        </member>
        <member name="T:Fenergo.Framework.CanonicalMessage.Entity.MessageStatus">
            <summary>
            Status of the message
            </summary>
        </member>
        <member name="F:Fenergo.Framework.CanonicalMessage.Entity.MessageStatus.New">
            <summary>
            Message created
            </summary>
        </member>
        <member name="F:Fenergo.Framework.CanonicalMessage.Entity.MessageStatus.Send">
            <summary>
            Message sent to FDIM
            </summary>
        </member>
        <member name="F:Fenergo.Framework.CanonicalMessage.Entity.MessageStatus.Error_Validation">
            <summary>
            XSD validation problem
            </summary>
        </member>
        <member name="F:Fenergo.Framework.CanonicalMessage.Entity.MessageStatus.Error">
            <summary>
            Error in the message
            </summary>
        </member>
        <member name="F:Fenergo.Framework.CanonicalMessage.Entity.MessageStatus.Received">
            <summary>
            FDIM reads the message from external queue
            </summary>
        </member>
        <member name="F:Fenergo.Framework.CanonicalMessage.Entity.MessageStatus.Complete">
            <summary>
            Message is complete.
            </summary>
        </member>
        <!-- Badly formed XML comment ignored for member "T:Fenergo.Framework.CanonicalMessage.Handlers.CannonicalApiAuthenticationHandler" -->
        <member name="T:Fenergo.Framework.CanonicalMessage.ICanonicalMessageBL">
            <summary>
            Canonical message business logic class
            </summary>
        </member>
        <member name="P:Fenergo.Framework.CanonicalMessage.Params.GetByLegalEntityIdParam.Id">
            <summary>
            Id, mandatory
            </summary>
        </member>
        <member name="P:Fenergo.Framework.CanonicalMessage.Params.GetByLegalEntityIdParam.Version">
            <summary>
            SubId, optional
            </summary>
        </member>
        <member name="P:Fenergo.Framework.CanonicalMessage.Params.GetMessageByGuidParam.MessageId">
            <summary>
            MessageId, mandatory
            </summary>
        </member>
        <member name="P:Fenergo.Framework.CanonicalMessage.Params.GetMessageByIdParam.Id">
            <summary>
            MessageId, mandatory
            </summary>
        </member>
        <member name="T:Fenergo.Framework.CanonicalMessage.Params.CanonicalMessageParam">
            <summary>
            CanonicalMessageParam
            </summary>
        </member>
        <member name="P:Fenergo.Framework.CanonicalMessage.Params.CanonicalMessageParam.LegalEntityId">
            <summary>
            LegalEntityId, mandatory for "out-of-the-box" VErified Data schema as some entity dependencies are resolved based on LE Id. We can probbably update it later to make it not-mandatory
            </summary>    
        </member>
        <member name="P:Fenergo.Framework.CanonicalMessage.Params.CanonicalMessageParam.CaseTypeId">
            <summary>
            Determines what verified data template to use. 102 - "Master Case" is saving all by default. Introduce new type to "SkipSave" flag setup. Check "verifiedData.CaseTypeBusinessEntity"
            </summary>
        </member>
        <member name="P:Fenergo.Framework.CanonicalMessage.Params.CanonicalMessageParam.CaseId">
            <summary>
            CaseId , could be master case ID if needed fr LE. Out Of THe Box SCHEMA configuration requires CaseId
            </summary>
        </member>
        <member name="P:Fenergo.Framework.CanonicalMessage.Params.CanonicalMessageParam.SaveRecord">
            <summary>
            Flag if save the generated message in repository
            </summary>
        </member>
        <member name="P:Fenergo.Framework.CanonicalMessage.Params.CanonicalMessageParam.RequestContext">
            <summary>
            Contex name in which we are execuitng canonical message bl can be use in decorator to determine if we want to run it
            </summary>
        </member>
        <member name="P:Fenergo.Framework.CanonicalMessage.Params.CanonicalMessageParam.MessageType">
            <summary>
            Message type name: Verified(32873 default)/Inflight(32874 default)
            </summary>
        </member>
        <member name="P:Fenergo.Framework.CanonicalMessage.Params.CanonicalMessageParam.EventType">
            <summary>
            Step from when the Canonical Message service get called. Ex COB, RR, AML etc
            </summary>
        </member>
        <member name="P:Fenergo.Framework.CanonicalMessage.Params.ExternalReferenceParams.ExternalReference">
            <summary>
            Name of external system. ex. AVOX, IBS
            </summary>
        </member>
        <member name="P:Fenergo.Framework.CanonicalMessage.Params.ExternalReferenceParams.ExternalReferenceTypeId">
            <summary>
            ID in external system, 
            </summary>
        </member>
        <member name="P:Fenergo.Framework.CanonicalMessage.Params.ExternalReferenceParams.SaveRecord">
            <summary>
            Flag if save the generated message in repository
            </summary>s
        </member>
        <member name="P:Fenergo.Framework.CanonicalMessage.Params.ExternalReferenceParams.RequestContext">
            <summary>
            Contex name in which we are execuitng canonical message bl can be use in decoretor to deterime if we want to run it
            </summary>
        </member>
        <member name="T:Fenergo.Framework.CanonicalMessage.Params.PublishMessageByIdParam">
            <summary>
            Parameter to request make a call to the web api publish method
            </summary>
        </member>
        <member name="P:Fenergo.Framework.CanonicalMessage.Params.PublishMessageByIdParam.Id">
            <summary>
            MessageId
            </summary>
        </member>
        <member name="P:Fenergo.Framework.CanonicalMessage.Params.PublishMessageByIdParam.Destination">
            <summary>
            Name of destination queue
            </summary>
        </member>
        <member name="P:Fenergo.Framework.CanonicalMessage.Params.PublishMessageByIdParam.CorrelationId">
            <summary>
            Guid send to FDIM
            </summary>
        </member>
        <member name="T:Fenergo.Framework.CanonicalMessage.Params.SaveCanonicalMessageStatusParam">
            <summary>
            Model to send to the Update method in the API
            </summary>
        </member>
        <member name="P:Fenergo.Framework.CanonicalMessage.Params.SaveCanonicalMessageStatusParam.MessageId">
            <summary>
            Guid of the canonical message
            </summary>
        </member>
        <member name="P:Fenergo.Framework.CanonicalMessage.Params.SaveCanonicalMessageStatusParam.ErrorMessage">
            <summary>
            Error if anything wrong happen during the process
            </summary>
        </member>
        <member name="P:Fenergo.Framework.CanonicalMessage.Params.SaveCanonicalMessageStatusParam.Status">
            <summary>
            Status to update in the canonical message
            </summary>
        </member>
        <member name="T:Fenergo.Framework.CanonicalMessage.PostProcessor.ConvertXmlToJsonCanonicalMessagePostProcessor">
            <summary>
            Convert the JSON from verified data framework into a XML.
            </summary>
        </member>
        <member name="T:Fenergo.Framework.CanonicalMessage.PostProcessor.CountXmlCanonicalMessagePostProcessor">
            <summary>
            Post-processors to count how many items for each node. The nodes are configurable in the XMLBackingStore with the name of the node and the XPATH to count.
            </summary>
        </member>
        <member name="T:Fenergo.Framework.CanonicalMessage.PostProcessor.ConvertJsonToXmlCanonicalMessagePostProcessor">
            <summary>
            Convert the JSON from verified data framework into a XML.
            </summary>
        </member>
        <member name="M:Fenergo.Framework.CanonicalMessage.Repository.CanonicalMessageRepository.#ctor(Fenergo.Framework.CanonicalMessage.Data.Context.ICanonicalMessageContext,Ergo.ExpertBanker.Domain.Core.EntityExtension.IEntityExtensionManager,Ergo.ExpertBanker.Data.Core.EntityExtension.IGenericExtensionTableRepository)">
            <summary>
            Initializes a new instance of the <see cref="T:Fenergo.Framework.CanonicalMessage.Repository.CanonicalMessageRepository" /> class.
            Ctor used for testing
            </summary>
            <param name="context">The context.</param>
            <param name="extensionManager">The extension manager.</param>
            <param name="genericExtensionTableRepository">The generic extension table repository.</param>
        </member>
        <member name="M:Fenergo.Framework.CanonicalMessage.VerifiedDataHelper.VerifiedDataRecordHelper.GetScopeForAssociations(System.Int32,System.Int32)">
            <summary>
            Method to create the case scope based on the Case type id for the Associations.
            </summary>
            <param name="caseTypeId"></param>
            <param name="legalEntityId"></param>
            <returns></returns>
        </member>
    </members>
</doc>
